epoch,time,train/box_loss,train/cls_loss,train/dfl_loss,metrics/precision(B),metrics/recall(B),metrics/mAP50(B),metrics/mAP50-95(B),val/box_loss,val/cls_loss,val/dfl_loss,lr/pg0,lr/pg1,lr/pg2
1,251.766,3.11033,5.92156,4.12058,0.00023,0.05971,0.00013,4e-05,3.65934,5.61383,4.05872,0.000550705,0.000550705,0.000550705
2,506.423,2.44053,4.15901,3.02585,0.16091,0.18323,0.08682,0.03444,2.47733,4.25276,2.79465,0.000996841,0.000996841,0.000996841
3,788.006,2.21352,3.27716,2.49765,0.33934,0.5034,0.2989,0.12893,2.05457,2.8603,2.33796,0.00133296,0.00133296,0.00133296
4,1042.51,1.94842,2.63501,2.27744,0.32007,0.47378,0.27304,0.11314,1.9394,2.66895,2.23259,0.0011719,0.0011719,0.0011719
