epoch,time,train/box_loss,train/cls_loss,train/dfl_loss,metrics/precision(B),metrics/recall(B),metrics/mAP50(B),metrics/mAP50-95(B),val/box_loss,val/cls_loss,val/dfl_loss,lr/pg0,lr/pg1,lr/pg2
1,196.58,0,48.8826,0,0,0,0,0,0,83.6765,0,0.000550705,0.000550705,0.000550705
2,390.64,0,33.2033,0,0,0,0,0,0,62.6219,0,0.000996841,0.000996841,0.000996841
3,600.491,0,23.27,0,0,0,0,0,0,43.1603,0,0.00133296,0.00133296,0.00133296
4,830.81,0,15.2533,0,0,0,0,0,0,27.3347,0,0.0011719,0.0011719,0.0011719
