epoch,time,train/box_loss,train/cls_loss,train/dfl_loss,metrics/precision(B),metrics/recall(B),metrics/mAP50(B),metrics/mAP50-95(B),val/box_loss,val/cls_loss,val/dfl_loss,lr/pg0,lr/pg1,lr/pg2
1,707.591,1.33734,3.25301,1.17854,0.00266,0.67626,0.25348,0.17169,1.08614,4.08934,1.01185,0.000545744,0.000545744,0.000545744
2,1541.1,1.27688,2.40242,1.16109,0.53537,0.19688,0.19927,0.13009,1.2653,3.79611,1.23905,0.00109051,0.00109051,0.00109051
